代码,名称
002937,兴瑞科技
002938,鹏鼎控股
002939,长城证券
002940,昂利康
002941,新疆交建
002942,新农股份
002943,宇晶股份
002945,华林证券
002946,新乳业
002947,恒铭达
002948,青岛银行
002949,华阳国际
002950,奥美医疗
002951,金时科技
002952,亚世光电
002953,日丰股份
002955,鸿合科技
002956,西麦食品
002957,科瑞技术
002958,青农商行
002959,小熊电器
002960,青鸟消防
002961,瑞达期货
002962,五方光电
002963,豪尔赛
002965,祥鑫科技
002966,苏州银行
002967,广电计量
002968,新大正
002969,嘉美包装
002970,锐明技术
002971,和远气体
002972,科安达
002973,侨银股份
002975,博杰股份
002976,瑞玛精密
002977,天箭科技
002978,安宁股份
002979,雷赛智能
002980,华盛昌
002981,朝阳科技
002982,湘佳股份
002983,芯瑞达
002984,森麒麟
002985,北摩高科
002986,宇新股份
002987,京北方
002988,豪美新材
002989,中天精装
002990,盛视科技
002991,甘源食品
002992,宝明科技
002993,奥海科技
002995,天地在线
002996,顺博合金
002997,瑞鹄模具
002998,优彩资源
002999,天禾股份
003000,劲仔食品
003001,中岩大地
003002,壶化股份
003003,天元股份
003004,*ST声迅
003005,竞业达
003006,百亚股份
003007,直真科技
003008,开普检测
003009,中天火箭
003010,若羽臣
003011,海象新材
003012,东鹏控股
003013,地铁设计
003015,日久光电
003016,欣贺股份
003017,大洋生物
003018,金富科技
003019,宸展光电
003020,立方制药
003021,兆威机电
003022,联泓新科
003023,彩虹集团
003025,思进智能
003026,中晶科技
003027,同兴科技
003028,振邦智能
003029,吉大正元
003030,祖名股份
003031,中瓷电子
003032,*ST传智
003033,征和工业
003035,南网能源
003036,泰坦股份
003037,三和管桩
003038,鑫铂股份
003039,顺控发展
003040,楚天龙
003041,真爱美家
003042,中农联合
003043,华亚智能
003816,中国广核
